// This file contains the mapping from IAB (OpenRTB standard category ID (where
// ID is the enum value from contentads/bidder/proto/openrtb.proto) and
// name, to AdX category ID and name. Pipe is used as
// separator. Leading and trailing whitespaces in second and fourth
// column are stripped. There should be no quotes around strings.
//
// This is a one way mapping from IAB categories to broader AdX categories
// that work for category blocking.
// category "Sleep Disorders" means all creatives with the (AdX) category
// "Health Conditions & Concerns" will get blocked.
//
// Second column is not used but is useful for creators, users and maintainers.
// Fourth column is used to verify that creators entered correct AdX ID and
// name. Smoke tests shall catch if AdX ID is non-existent and if mapping from
// AdX ID to name is non-existent.
//
// Example: IAB2 (Automotive) has enum value 9, so it is listed here under 9.
//
// IAB Category enum ID|IAB Category Name|Adx Category ID|Adx Category Name
1|Arts & Entertainment|10013|/Arts & Entertainment
1|Arts & Entertainment|10105|Entertainment Industry
2|Books & Literature|10112|Books & Literature
3|Celebrity Fan/Gossip|10584|/News, Media & Publications/Celebrities & Entertainment News
4|Fine Art|13388|/Arts & Entertainment/Visual Art & Design
5|Humor|10106|/Arts & Entertainment/Humor & Jokes
6|Movies|13417|/Arts & Entertainment/Movies & Films
7|Music|13379|Ringtones & Ringtone Makers
8|Television|12143|Televisions
8|Television|13536|Film & TV Industry
8|Television|10557|TV Shows & Programs
8|Television|10566|TV Broadcasting
8|Television|10103|TV & Video
9|Automotive|10185|Cars & Trucks
9|Automotive|13714|Used Cars & Trucks
10|Auto Parts|10026|Vehicle Parts & Accessories
10|Auto Parts|10209|Car Parts & Accessories
11|Auto Repair|10026|Vehicle Parts & Accessories
11|Auto Repair|10209|Car Parts & Accessories
12|Buying/Selling Cars|13656|Car Dealers
12|Buying/Selling Cars|13655|Vehicle Dealers
13|Car Culture|10881|Car Audio & Video
14|Certified Pre-Owned|13714|Used Cars & Trucks
15|Convertible|10001|Vehicles
16|Coupe|10001|Vehicles
17|Crossover|10001|Vehicles
18|Diesel|10001|Vehicles
19|Electric Vehicle|10024|Motor Vehicles
20|Hatchback|10001|Vehicles
21|Hybrid|10001|Vehicles
22|Luxury|10001|Vehicles
23|MiniVan|10001|Vehicles
24|Mororcycles|10001|Vehicles
25|Off-Road Vehicles|10001|Vehicles
26|Performance Vehicles|10001|Vehicles
27|Pickup|10001|Vehicles
28|Road-Side Assistance|10001|Vehicles
29|Sedan|10001|Vehicles
30|Trucks & Accessories|10001|Vehicles
31|Vintage Cars|10185|Cars & Trucks
32|Wagon|10001|Vehicles
33|Business|10004|Business & Industrial
33|Business|10096|Business Banking & Finance
33|Business|10300|Office
33|Business|10098|Business News & Media
33|Business|10296|Business Management Software
33|Business|12209|Business & Productivity Software
34|Advertising|11088|Advertising & Marketing
35|Agriculture|13460|Agriculture
35|Agriculture|11188|Crops
36|Biotech/Biomedical|10087|Medical Devices, Equipment & Supplies
36|Biotech/Biomedical|12494|Medical Diagnostic Equipment & Monitoring Devices
36|Biotech/Biomedical|10088|Biotech & Pharmaceutical
36|Biotech/Biomedical|11252|Biotechnology Equipment
37|Business Software|10296|Business Management Software
37|Business Software|11270|Project Management Software
37|Business Software|12209|Business & Productivity Software
37|Business Software|10537|Accounting & Financial Software
38|Construction|10282|Building Construction & Maintenance
38|Construction|11141|Commercial & General Contracting
38|Construction|11287|Hardware Tools & Accessories
38|Construction|12590|Power Tools
39|Forestry|11083|Forestry
39|Forestry|12366|Logging & Milling
40|Government|12014|Lotteries *Mopub IAB categorization.
41|Green Solutions|10295|/Business & Industrial/Energy Industry
41|Green Solutions|10028|/Family & Community/Community Service & Social Organizations
41|Green Solutions|13731|/Business & Industrial/Building Construction & Maintenance/Eco-Friendly Building & Construction
42|Human Resources|11084|Human Resources
42|Human Resources|10016|Jobs & Education
43|Logistics|11103|Freighting
43|Logistics|11102|Warehousing
44|Marketing|11088|Advertising & Marketing
44|Marketing|12376|Internet Marketing
44|Marketing|12379|Direct Marketing
44|Marketing|12378|Marketing Consulting
45|Metals|11198|Metals
45|Metals|11122|Metalworking
45|Metals|11197|Metal Alloys
46|Careers|10746|Job Listings
46|Careers|10139|Jobs & Careers
47|Career Planning|10747|Career Counseling & Coaching
47|Career Planning|12036|Personal & Career Development
47|Career Planning|10744|Career Assessments
47|Career Planning|10016|Jobs & Education
48|College|10763|Colleges, Universities & Post-Secondary Education
49|Financial Aid|10099|Grants, Scholarships & Financial Aid
50|Job Fairs|10745|Career Events
51|Job Search|10746|Job Listings
52|Resume Writing/Advice|12018|Resume & Cover Letter Samples & Templates
52|Resume Writing/Advice|10743|Resume Writing
53|Nursing|12035|Health & Medical Jobs
53|Nursing|12053|Nursing Education
54|Scholarships|10535|Study Grants & Scholarships
54|Scholarships|10099|Grants, Scholarships & Financial Aid
55|Telecommuting|13762|Home-Based Business Opportunities
56|U.S. Military|10159|Military
57|Career Advice|10139|Jobs & Careers
57|Career Advice|10744|Career Assessments
57|Career Advice|10747|Career Counseling & Coaching
58|Education|10141|Education & Training
58|Education|11029|Primary & Secondary Schooling (K-12)
58|Education|10767|Teaching & Classroom Resources
59|7-12 Education|11029|Primary & Secondary Schooling (K-12)
59|7-12 Education|10767|Teaching & Classroom Resources
60|Adult Education|10141|Education & Training
60|Adult Education|10763|Colleges, Universities & Post-Secondary Education
60|Adult Education|10766|Community & Continuing Education
61|Art History|0|Ignored  // Do not know how to map this to any of AdX categories.
62|Colledge Administration|10763|Colleges, Universities & Post-Secondary Education
62|Colledge Administration|10766|Community & Continuing Education
63|College Life|10763|Colleges, Universities & Post-Secondary Education
64|Distance Learning|10763|Colleges, Universities & Post-Secondary Education
64|Distance Learning|10752|Online Education & Degree Programs
64|Distance Learning|13513|Colleges, Universities & Post-Secondary Education/Graduate Programs
65|English as a 2nd Language|10757|Language Education
65|English as a 2nd Language|13429|Dictionaries
66|Language Learning|10757|Language Education
67|Graduate School|10763|Colleges, Universities & Post-Secondary Education
67|Graduate School|10752|/Jobs & Education/Education & Training/Online Education & Degree Programs
67|Graduate School|13513|Colleges, Universities & Post-Secondary Education/Graduate Programs
68|Homeschooling|12337|Primary & Secondary Schooling (K-12)/Homeschooling
69|Homework/Study Tips|10141|Education & Training
69|Homework/Study Tips|10754|Standardized & Admissions Tests
69|Homework/Study Tips|10761|Tutoring Services
70|K-6 Educators|12063|Teaching & Classroom Resources/Lesson Plans
70|K-6 Educators|10767|Teaching & Classroom Resources
70|K-6 Educators|11029|Primary & Secondary Schooling (K-12)
71|Private School|11029|Primary & Secondary Schooling (K-12)
71|Private School|10016|Jobs & Education
72|Special Education|13438|Special Education
73|Studying Business|12059|Graduate Programs/MBA Programs
74|Family & Parenting|10236|Parenting & Family
74|Family & Parenting|10002|Family & Community
75|Adoption|11032|Parenting & Family/Adoption
76|Babies & Toddlers|10235|Baby, Parenting & Family/Baby
76|Babies & Toddlers|11019|Children's Clothing/Baby & Toddler Clothing
76|Babies & Toddlers|11028|Maternity & New Parent
76|Babies & Toddlers|12288|Newborn Clothing
76|Babies & Toddlers|10052|Baby Care & Hygiene
76|Babies & Toddlers|11020|Baby Diapering & Toilet Training
77|Daycare/Pre School|10753|Preschool & Nursery School Programs
77|Daycare/Pre School|11031|Child Care
77|Daycare/Pre School|12341|Day Care
78|Family Internet|11491|Internet Service Plans
79|Parenting - K-6 Kids|10236|Parenting & Family
79|Parenting - K-6 Kids|12338|Parenting & Family/Child Care/Special Needs Care
80|Parenting teens|10236|Parenting & Family
80|Parenting teens|10225|Teen Advice & Support
81|Pregnancy|11028|Maternity & New Parent
81|Pregnancy|11790|Pregnancy Tests & Testing Services
81|Pregnancy|11674|Family Planning
82|Special Needs Kids|10236|Parenting & Family
83|Eldercare|11804|Assisted Living Services
83|Eldercare|10517|Geriatric & Aging Care Services
83|Eldercare|11805|In-Home Aging Care Services
84|Health & Fitness|10011|Health
84|Health & Fitness|10091|Health Care Services
84|Health & Fitness|10123|Fitness
84|Health & Fitness|10460|Vision
84|Health & Fitness|10666|Fitness Classes & Instruction
84|Health & Fitness|10668|Fitness/Gyms & Gym Memberships
84|Health & Fitness|10669|Personal Training
84|Health & Fitness|10473|Skin Conditions & Skin Health
84|Health & Fitness|10491|Diets & Diet Programs
84|Health & Fitness|10508|Plastic & Cosmetic Surgery
85|Exercise|10011|Health
85|Exercise|10123|Fitness
85|Exercise|10666|Fitness Classes & Instruction
86|A.D.D.|12881|ADD & ADHD/ADD & ADHD Medications
87|AIDS/HIV|10476|AIDS & HIV
87|AIDS/HIV|10223|AIDS & HIV Support
87|AIDS/HIV|11725|AIDS & HIV Medications
88|Allergies|10446|Allergy & Sinus
88|Allergies|11653|Food Allergies
88|Allergies|12850|Allergy & Sinus/Allergy Medications
88|Allergies|13267|Seasonal Allergy & Sinus Medication
89|Alternative Medicine|11782|Alternative & Natural Medicine/Naturopathy
89|Alternative Medicine|10507|Alternative & Natural Medicine
90|Arthritis|10479|Arthritis
90|Arthritis|11734|Arthritis/Rheumatoid Arthritis
90|Arthritis|12896|Arthritis/Osteoarthritis/Osteoarthritis Medications
91|Asthma|12852|Asthma Medicines & Care Products
91|Asthma|11656|Respiratory Conditions/Asthma
91|Asthma|10448|Respiratory Conditions
92|Autism/PDD|11701|Autism
92|Autism/PDD|10469|Learning & Developmental Disabilities
92|Autism/PDD|12881|ADD & ADHD/ADD & ADHD Medications
93|Bipolar Disorder|10488|Mental Health
93|Bipolar Disorder|11750|Mental Health/Mental Health Medications
93|Bipolar Disorder|11751|Mental Health/Depression
93|Bipolar Disorder|12909|Mental Health/Mental Health Medications/Depression Medications
93|Bipolar Disorder|11748|Mental Health/Anxiety & Stress
94|Brain Tumor|10464|Cancer & Cancer Treatment
95|Cancer|10464|Cancer & Cancer Treatment
96|Cholesterol|11721|Heart Health/High Cholesterol
96|Cholesterol|12911|Health-Related Restricted Diets/Low Cholesterol Diets
96|Cholesterol|12920|Cholesterol Monitors & Accessories
97|Chronic Fatigue Syndrome|11745|Headache & Pain Management/Fibromyalgia
98|Chronic Pain|10486|Headache & Pain Management
98|Chronic Pain|11744|Headache & Pain Management/Analgesics
98|Chronic Pain|10484|Musculoskeletal Conditions
99|Cold & Flu|10455|Cold & Flu
99|Cold & Flu|10486|Headache & Pain Management
99|Cold & Flu|11665|Cold & Flu/Cold & Flu Medicines
100|Deafness|10481|Ear, Nose & Throat/Hearing Loss
101|Dental Care|10514|Dentists & Dental Services
101|Dental Care|11797|Dentists & Dental Services/Cosmetic Dentistry
102|Depression|11751|Mental Health/Depression
102|Depression|12909|Mental Health Medications/Depression Medications
103|Dermatology|10473|Skin Conditions & Skin Health
103|Dermatology|10516|Medical Skin Care Services
103|Dermatology|10005|Beauty & Personal Care
104|Diabetes|10483|Blood Sugar & Diabetes
104|Diabetes|12847|Diabetic Foods
105|Epilepsy|10471|Epilepsy
106|GERD/Acid Reflux|12858|Heartburn, Indigestion & GERD Medications
106|GERD/Acid Reflux|12861|GERD & Heartburn
106|GERD/Acid Reflux|10011|Health
107|Headaches/Migraines|11746|Headaches & Migraines
107|Headaches/Migraines|12907|Headaches & Migraines/Headaches
107|Headaches/Migraines|12935|Analgesics/Headache & Migraine Medications
107|Headaches/Migraines|13273|Headache Medications
108|Heart Disease|10475|Heart Health
108|Heart Disease|11720|Coronary Artery Disease & Heart Attacks
109|Herbs for Health|12930|Medicinal Herbs & Herbal Supplements
109|Herbs for Health|10507|Alternative & Natural Medicine
110|Holistic Healing|10507|Alternative & Natural Medicine
110|Holistic Healing|10231|/Family & Community/Faith & Belief
110|Holistic Healing|12946|Wellness Therapy & Massage/Massage & Relaxation Services
111|IBS/Crohn's Disease|12863|/Inflammatory Bowel Disease/Crohn's Disease
111|IBS/Crohn's Disease|11666|Dyspepsia
111|IBS/Crohn's Disease|11667|Inflammatory Bowel Disease
111|IBS/Crohn's Disease|10456|Digestive Health & Disorders
112|Incest/Abuse Support|11012|Community Outreach/Child Welfare Services
112|Incest/Abuse Support|11010|Community Outreach/Domestic Violence
113|Incontinence|11676|Urinary & Bladder Health/Incontinence
113|Incontinence|11677|Overactive Bladder
113|Incontinence|10011|Health
114|Infertility|12875|Family Planning/Fertility & Conception
114|Infertility|10470|Women's Health & OBGYN
115|Men's Health|10480|Men's Health
116|Nutrition|11772|Vitamins & Supplements
116|Nutrition|10086|Nutrition & Dieting
117|Orthopedics|10484|Musculoskeletal Conditions
117|Orthopedics|10519|Orthopedics & Sports Medicine
118|Panic/Anxiety Disorders|11748|Mental Health/Anxiety & Stress
118|Panic/Anxiety Disorders|10488|Mental Health
119|Pediatrics|11026|Pediatrics & Children's Health
119|Pediatrics|12331|Children's Health Care
120|Physical Therapy|11792|Physical Therapy
120|Physical Therapy|11794|Occupational Therapy
120|Physical Therapy|10091|Health Care Services
121|Psychology/Psychiatry|10488|Mental Health
121|Psychology/Psychiatry|11808|Mental Health Services/Counseling Services
122|Senior Health|11804|Assisted Living Services
122|Senior Health|10091|Health Care Services
122|Senior Health|11805|In-Home Aging Care Services
123|Sexuality|24|SexualHealth
123|Sexuality|31|RefToSex
124|Sleep Disorders|10478|Insomnia & Sleep Disorders
124|Sleep Disorders|10488|Mental Health
124|Sleep Disorders|10011|Health
125|Smoking Cessation|10453|Smoking & Smoking Cessation
125|Smoking Cessation|10085|Health Conditions & Concerns
126|Substance Abuse|10224|Alcohol & Substance Abuse
127|Thyroid Disease|13745|Thyroid Conditions
127|Thyroid Disease|10486|Headache & Pain Management
128|Weight Loss|10457|Weight Loss
128|Weight Loss|11669|Weight Loss/Weight Loss Products
128|Weight Loss|11754|Weight Loss Diets & Diet Programs
128|Weight Loss|12864|Weight Loss Drugs & Medications
128|Weight Loss|12865|Weight Loss Supplements
129|Women's Health|10512|Women's Health Care Services
129|Women's Health|10462|Sexual & Reproductive Health
129|Women's Health|10085|Health Conditions & Concerns
130|Food & Drink|10679|/Hobbies & Leisure/Cooking/Recipes
130|Food & Drink|10082|/Food & Groceries/Food
130|Food & Drink|10437|/Food & Groceries/Food/Meat & Poultry
131|American Cuisine|10889|Cuisines
131|American Cuisine|10169|/Dining & Nightlife/Restaurants
131|American Cuisine|10890|/Dining & Nightlife/Restaurants/Dine-In Restaurants
132|Barbecues & Grilling|10889|Cuisines
132|Barbecues & Grilling|11606|BBQ & Grilling Sauces
132|Barbecues & Grilling|12775|BBQs & Grills
133|Cajun/Creole|10889|Cuisines
134|Chinese Cuisine|12226|Asian Cuisine/Chinese Cuisine
134|Chinese Cuisine|13792|Asian Cuisine
135|Cocktails/Beer|11650|Alcoholic Beverages/Liquor
135|Cocktails/Beer|10445|Alcoholic Beverages
135|Cocktails/Beer|33|Alcohol
136|Coffee/Tea|10444|Non-Alcoholic Beverages
136|Coffee/Tea|11644|Non-Alcoholic Beverages/Coffee
136|Coffee/Tea|12803|Coffee & Espresso Makers
136|Coffee/Tea|11644|Coffee
136|Coffee/Tea|11645|Tea
137|Cuisine-Specific|10889|Cuisines
137|Cuisine-Specific|10679|Cooking/Recipes
138|Desserts & Baking|10432|Baked Goods & Bakery Items
138|Desserts & Baking|10434|Baking Ingredients
138|Desserts & Baking|13456|Dessert Recipes
139|Dining Out|10020|Dining & Nightlife
139|Dining Out|10169|/Dining & Nightlife/Restaurants
139|Dining Out|10890|/Dining & Nightlife/Restaurants/Dine-In Restaurants
140|Food Allergies|11653|Food Allergies
140|Food Allergies|10085|Health Conditions & Concerns
141|French Cuisine|13790|French Cuisines
142|Health/Lowfat Cooking|10128|Cooking
142|Health/Lowfat Cooking|11754|Weight Loss Diets & Diet Programs
142|Health/Lowfat Cooking|11957|Weight Loss & Reduced Calorie Diet Recipes
142|Health/Lowfat Cooking|10679|Cooking/Recipes
143|Italian Cuisine|12229|Mediterranean Cuisine/Italian Cuisine
143|Italian Cuisine|13791|Mediterranean Cuisine
144|Japanese Cuisine|12227|Asian Cuisine/Japanese Cuisine
144|Japanese Cuisine|13792|Asian Cuisine
145|Mexican Cuisine|12225|Latin American Cuisine/Mexican Cuisine
145|Mexican Cuisine|13805|Latin American Cuisine
146|Vegan|11638|/Hobbies & Leisure/Cooking/Cuisines/Vegetarian Cuisine/Vegetarian & Vegan Foods
147|Vegetarian|11638|/Hobbies & Leisure/Cooking/Cuisines/Vegetarian Cuisine/Vegetarian & Vegan Foods
148|Wine|33|Alcohol
148|Wine|11649|/Food & Groceries/Beverages/Alcoholic Beverages/Wine
148|Wine|10674|/Hobbies & Leisure/Wine & Beer Collecting & Brewing/Wine Collecting
148|Wine|13008|/Hobbies & Leisure/Wine & Beer Collecting & Brewing/Wine Collecting/Wine Clubs
149|Hobbies & Interests|10015|Hobbies & Leisure
150|Art/Technology|13388|/Arts & Entertainment/Visual Art & Design
150|Art/Technology|13595|/Arts & Entertainment/Visual Art & Design/Painting
151|Arts & Crafts|10131|/Hobbies & Leisure/Arts & Crafts
152|Beadwork|11983|/Hobbies & Leisure/Arts & Crafts/Beading & Beadwork
152|Beadwork|10015|/Hobbies & Leisure
153|Birdwatching|10134|/Hobbies & Leisure/Birding
154|Board Games/Puzzles|11948|Board Games
154|Board Games/Puzzles|10672|/Hobbies & Leisure/Toys & Games/Games
155|Candle & Soap Making|11533|Candles & Incense
155|Candle & Soap Making|10131|Arts & Craft
156|Card Games|32|Gambling *Mopub IAB categorization
157|Chess|11946|/Hobbies & Leisure/Toys & Games/Games/Strategy Games
158|Cigars|10080|/Food & Groceries/Tobacco
158|Cigars|10138|/Hobbies & Leisure/Cigar & Tobacco Collecting
159|Collecting|10135|/Hobbies & Leisure/Antiques & Collectibles
159|Collecting|10730|/Hobbies & Leisure/Antiques & Collectibles/Antique Coins & Collectible Money
160|Comic Books|10723|/Arts & Entertainment/Comics & Graphic Novels
160|Comic Books|12001|/Arts & Entertainment/Comics & Graphic Novels/Independent & Alternative Comic Books
160|Comic Books|12002|/Arts & Entertainment/Comics & Graphic Novels/Superhero Comic Books
161|Drawing/Sketching|13388|/Arts & Entertainment/Visual Art & Design
162|Freelance Writing|12031|/Jobs & Education/Jobs & Careers/Job Listings/Media Jobs
162|Freelance Writing|12026|/Jobs & Education/Jobs & Careers/Job Listings/Freelance & Contract Jobs
163|Genealogy|10133|/Hobbies & Leisure/Ancestry & Genealogy
164|Getting Published|11867|/News, Media & Publications/Publishing
164|Getting Published|12973|/News, Media & Publications/Publishing/Self-Publishing
165|Guitar|11879|/Arts & Entertainment/Music & Audio/Musical Instruments & Equipment/Guitars
166|Home Recording|13537|/Arts & Entertainment/Music & Audio/Musical Instruments & Equipment/Music Recording Technology
166|Home Recording|10592|Musical Instruments & Equipment
167|Investors & Patents|10095|/Finance/Investing
167|Investors & Patents|10871|/Law & Government/Legal/Intellectual Property
168|Jewelry Making|10171|/Apparel/Jewelry
168|Jewelry Making|11983|/Hobbies & Leisure/Arts & Crafts/Beading & Beadwork
168|Jewelry Making|10900|/Hobbies & Leisure/Arts & Crafts/Beading & Beadwork/Charms & Beads
169|Magic & Illusion|10104|/Arts & Entertainment/Event Entertainment
170|Needlework|10015|Hobbies & Leisure
170|Needlework|11987|/Hobbies & Leisure/Arts & Crafts/Fiber Craft
170|Needlework|13017|Knitting
171|Painting|13595|/Arts & Entertainment/Visual Art & Design/Painting
172|Photography|13388|/Arts & Entertainment/Visual Art & Design
172|Photography|10132|/Hobbies & Leisure/Photo & Video
172|Photography|13596|Photographic & Digital Arts
173|Radio|10570|/Arts & Entertainment/Music & Audio/Radio
173|Radio|12144|/Computers & Consumer Electronics/Consumer Electronics/Home Audio & Video/Radios & Radio Equipment
174|Roleplaying Games|11945|/Hobbies & Leisure/Toys & Games/Games/Roleplaying Games
174|Roleplaying Games|12997|/Hobbies & Leisure/Toys & Games/Games/Online Games & Puzzles/Massive Multiplayer Online Games
175|Sci-Fi & Fantasy|10112|/News, Media & Publications/Books & Literature
175|Sci-Fi & Fantasy|13886|/Arts & Entertainment/Entertainment Industry/Film & TV Industry/TV Broadcasting/TV Shows & Programs/TV Sci-Fi & Fantasy Shows
176|Scrapbooking|11986|/Hobbies & Leisure/Arts & Crafts/Scrapbooking
177|Screenwriting|10105|/Arts & Entertainment/Entertainment Industry
178|Stamps & Coins|10730|Antique Coins & Collectible Money
179|Video & Computer Games|7|VideoGames
179|Video & Computer Games|13377|Computer & Video Games
179|Video & Computer Games|13003|Video Games, Consoles & Accessories/Video Game Downloads
179|Video & Computer Games|11942|Online Games & Puzzles
179|Video & Computer Games|13694|Computer & Video Games/Free-To-Play Games
179|Video & Computer Games|13585|Computer & Video Games/Casual Games
179|Video & Computer Games|13376|Video Game Consoles
180|Woodworking|13823|Hardware Tools & Accessories/Woodworking Tools & Equipment
180|Woodworking|12425|Building Materials & Supplies/Wood & Lumber
181|Home & Garden|11545|Gardening/Yard & Garden Accessories
181|Home & Garden|11542|Gardening/Garden Ornaments & Statuary
181|Home & Garden|10009|/Home & Garden
181|Home & Garden|10406|/Home & Garden/Yard, Garden & Patio
182|Appliances|10412|Home Appliances
182|Appliances|11567|Home Appliances/Major Kitchen Appliances
182|Appliances|12805|Refrigerators & Freezers
182|Appliances|10418|Home Heating & Cooling
183|Entertaining|10006|Occasions & Gifts
184|Environmental Safety|11067|Occupational Health & Safety
184|Environmental Safety|11383|Hazardous Material Control
185|Gardening|13658|Gardening
185|Gardening|13374|Gardening/Trees, Plants & Shrubs
185|Gardening|11544|Gardening/Gardening Books & Publications
186|Home Repair|10404|Home Improvement & Maintenance
187|Home Theater|12137|Home Theater Systems
187|Home Theater|10873|Home Audio & Video
187|Home Theater|12138|Home Audio & Video/Speakers
188|Interior Decorating|10405|Home Decor & Interior Decorating
188|Interior Decorating|11282|/Home & Garden/Kitchen & Bathroom Cabinets
188|Interior Decorating|13734|Design & Engineering/Interior Design
189|Landscaping|11150|Landscaping & Landscape Design
190|Remodeling & Construction|10282|Building Construction & Maintenance
190|Remodeling & Construction|10404|Home Improvement & Maintenance
191|Law|13686|Attorneys & Law Firms
192|Immigration|10857|Legal/Immigration Law
192|Immigration|12118|Travel Documents/Travel Visas & Visa Services
193|Legal Issues|10163|/Law & Government/Legal
193|Legal Issues|13686|/Law & Government/Legal/Attorneys & Law Firms
194|U.S. Government Resources|13414|/Law & Government/Government
194|U.S. Government Resources|10156|/Law & Government/Politics
194|U.S. Government Resources|13876|/Law & Government/Government/State & Local Government
195|Politics|10156|/Law & Government/Politics
195|Politics|10808|/Law & Government/Politics/Campaigns & Elections
195|Politics|13414|/Law & Government/Government
196|Commentary|3|Politics
196|Commentary|10231|/Family & Community/Faith & Belief
197|News|10098|Business News & Media
197|News|10108|/News, Media & Publications
198|International News|10108|News, Media & Publications
198|International News|13647|News, Media & Publications/Newspapers
199|National News|10108|News, Media & Publications
199|National News|13647|News, Media & Publications/Newspapers
199|National News|13700|Local News, Media & Publications
200|Local News|13647|Newspapers
200|Local News|13700|Local News, Media & Publications
201|Personal Finance|10012|Finance
201|Personal Finance|10095|Finance/Investing
201|Personal Finance|11827|Finance/Investing/Securities
201|Personal Finance|10092|/Finance/Financial Planning & Management
202|Beginning Investing|10095|/Finance/Investing
202|Beginning Investing|10092|/Finance/Financial Planning & Management
202|Beginning Investing|13459|/Finance/Investing/Securities/Stocks
203|Credit/Debt & Loans|27|ConsumerLoans
203|Credit/Debt & Loans|11839|Credit & Lending/Debt Management & Consolidation
203|Credit/Debt & Loans|10097|Credit & Lending
203|Credit/Debt & Loans|11837|Credit & Lending/Credit Counseling
204|Financial News|10098|/Finance/Business News & Media
204|Financial News|10095|/Finance/Investing
205|Financial Planning|10092|Financial Planning & Management
205|Financial Planning|10527|Retirement & Pension Planning
206|Hedge Fund|11835|/Finance/Investing/Hedge Funds
206|Hedge Fund|10095|/Finance/Investing
207|Insurance|10102|Insurance
207|Insurance|11854|Insurance/Vehicle Insurance/Car Insurance
207|Insurance|11849|Insurance/Property Insurance/Homeowners Insurance
208|Investing|10095|Investing
208|Investing|13459|Investing/Securities/Stocks
209|Mutual Funds|11828|Mutual Funds
209|Mutual Funds|10095|Investing
210|Options|10095|/Finance/Investing
210|Options|11831|Currencies & Foreign Exchange
211|Retirement Planning|10527|Retirement & Pension Planning
211|Retirement Planning|10538|/Finance/Insurance/Annuities
211|Retirement Planning|11824|/Finance/Investing/Retirement Investments
211|Retirement Planning|12952|Retirement Investments/IRAs
212|Stocks|13459|/Finance/Investing/Securities/Stocks
212|Stocks|10095|/Finance/Investing
213|Tax Planning|12387|Tax Preparation & Planning
213|Tax Planning|11093|/Finance/Accounting & Auditing
214|Society|10002|Family & Community
214|Society|11496|Social Networks & Online Communities *MOPUB IAB Categorization
215|Dating|4|Dating
215|Dating|10239|Dating & Marriage Matching/Dating Directories & Sites
215|Dating|10240|Dating & Marriage Matching
215|Dating|13715|Dating & Marriage Matching/Personals
216|Divorce Support|11033|Divorce & Separation/Online Divorce
216|Divorce Support|12127|/Law & Government/Legal/Family Law/Divorce Law
217|Gay Life|10226|Community Service & Social Organizations/GLBT Resources
217|Gay Life|12095|Specialty Travel/GLBT Travel
217|Gay Life|11035|Dating & Marriage Matching/GLBT Dating
218|Marriage|10031|Romance & Relationships
218|Marriage|10242|Romance & Relationships/Troubled Relationships
218|Marriage|10237|Romance & Relationships/Relationship Advice
219|Senior Living|11806|Retirement Homes & Senior Living Communities
219|Senior Living|11804|Assisted Living Services
220|Teens|10225|Teen Advice & Support
220|Teens|13777|Teen Media & Publications
221|Weddings|10369|Special Occasions/Weddings
221|Weddings|11483|Wedding & Special Occasion Photo & Video
221|Weddings|11480|Wedding & Party Planning
222|Ethnic Specific|0|Ignored
223|Science|13828|Academic Conferences & Publications
223|Science|13569|Astronomy
223|Science|10273|Design & Engineering
223|Science|10294|Scientific Equipment & Services
224|Astrology|13469|Faith & Belief/Astrology & Horoscopes
225|Biology|10088|/Health/Biotech & Pharmaceutical
225|Biology|10141|/Jobs & Education/Education & Training
226|Chemistry|13491|/Business & Industrial/Chemical Industry
226|Chemistry|10141|/Jobs & Education/Education & Training
227|Geology|10713|/Hobbies & Leisure/Antiques & Collectibles/Rocks, Minerals & Fossils
227|Geology|10141|/Jobs & Education/Education & Training
228|Paranormal Phenomena|10127|Faith & Belief/Occult & Paranormal
229|Physics|10141|/Jobs & Education/Education & Training
230|Space/Astronomy|13569|/Hobbies & Leisure/Astronomy
231|Geography|13601|/News, Media & Publications/Reference Materials & Resources/Geographic Reference/Maps
232|Botany|13658|/Hobbies & Leisure/Gardening
232|Botany|13374|/Hobbies & Leisure/Gardening/Trees, Plants & Shrubs
233|Weather|13426|/News, Media & Publications/Weather
234|Pets|11980|/Hobbies & Leisure/Pets & Animals/Pets Breeding
234|Pets|10684|/Hobbies & Leisure/Pets & Animals/Pets By Breed
235|Aquariums|11974|Pets By Breed/Fish & Aquaria
236|Birds|11970|/Hobbies & Leisure/Pets & Animals/Pets By Breed/Birds
237|Cats|11973|/Hobbies & Leisure/Pets & Animals/Pets By Breed/Cats
238|Dogs|11969|/Hobbies & Leisure/Pets & Animals/Pets By Breed/Dogs
239|Large Animals|10130|Pets & Animals
240|Reptiles|11976|/Hobbies & Leisure/Pets & Animals/Pets By Breed/Reptiles & Amphibians
241|Veterinary Medicine|11979|/Hobbies & Leisure/Pets & Animals/Veterinary
242|Sports|10014|/Sports & Fitness
243|Auto Racing|13624|/Sports & Fitness/Sports/Motor Sports
244|Baseball|13610|/Sports & Fitness/Sports/Baseball
245|Bicycling|10014|/Sports & Fitness
245|Bicycling|13615|/Sports & Fitness/Sports/Cycling
246|Bodybuilding|10014|/Sports & Fitness
247|Boxing|13634|/Sports & Fitness/Sports/Combat Sports/Boxing
248|Canoeing/Kayaking|10216|/Vehicles/Boats & Watercraft/Kayaks
248|Canoeing/Kayaking|10215|/Vehicles/Boats & Watercraft/Row Boats & Canoes
248|Canoeing/Kayaking|10117|/Sports & Fitness/Boating & Water Recreation
249|Cheerleading|13839|/Sports & Fitness/Sports/Cheerleading
250|Climbing|10615|/Hobbies & Leisure/Camping & Outdoor Recreation/Climbing
251|Cricket|13607|/Sports & Fitness/Sports/Cricket
252|Figure Skating|13614|/Sports & Fitness/Sports/Winter Sports/Ice Skating
252|Figure Skating|10622|/Sports & Fitness/Sports & Fitness Apparel/Ice Skating Apparel
253|Fly Fishing|10628|/Sports & Fitness/Boating & Water Recreation/Fishing
253|Fly Fishing|11907|/Sports & Fitness/Boating & Water Recreation/Fishing/Fishing Tackle
254|Football|13606|/Sports & Fitness/Sports/American Football
254|Football|13608|/Sports & Fitness/Sports/Soccer
255|Freshwater Fishing|10628|/Sports & Fitness/Boating & Water Recreation/Fishing
255|Freshwater Fishing|11907|/Sports & Fitness/Boating & Water Recreation/Fishing/Fishing Tackle
256|Game & Fish|13612|/Sports & Fitness/Sports/Hunting & Shooting
256|Game & Fish|10628|/Sports & Fitness/Boating & Water Recreation/Fishing
257|Golf|13627|/Sports & Fitness/Sports/Golf
258|Horse Racing|12015|/Hobbies & Leisure/Gambling/Horse & Dog Racing
259|Horses|11975|/Hobbies & Leisure/Pets & Animals/Pets By Breed/Horses
260|Hunting/Shooting|13612|/Sports & Fitness/Sports/Hunting & Shooting
260|Hunting/Shooting|10641|/Sports & Fitness/Sporting Goods/Hunting & Shooting Equipment
261|Inline Skating|10636|/Sports & Fitness/Sporting Goods/Roller Skating & Rollerblading Equipment
261|Inline Skating|11914|/Sports & Fitness/Sporting Goods/Roller Skating & Rollerblading Equipment/Inline Skates
261|Inline Skating|13617|/Sports & Fitness/Sports/Skate Sports
262|Martial Arts|13365|/Sports & Fitness/Sports/Combat Sports/Martial Arts/Martial Arts Instruction
262|Martial Arts|11063|/Family & Community/Community Service & Social Organizations/Self-Defense Training
262|Martial Arts|13631|/Sports & Fitness/Sports/Combat Sports/Martial Arts
263|Mountain Biking|13615|/Sports & Fitness/Sports/Cycling
263|Mountain Biking|11915|/Sports & Fitness/Sporting Goods/Bicycles & Accessories/Bicycles
264|NASCAR Racing|13624|/Sports & Fitness/Sports/Motor Sports
265|Olympics|13781|/Sports & Fitness/Sports/World Sports Events/Olympics
265|Olympics|13605|/Sports & Fitness/Sports
266|Paintball|10640|/Sports & Fitness/Sporting Goods/Paintball Equipment
267|Power & Motorcycles|10182|/Vehicles/Motor Vehicles/Motorcycles
267|Power & Motorcycles|10204|/Vehicles/Vehicle Parts & Accessories/Motorcycle Parts & Accessories
267|Power & Motorcycles|10182|/Vehicles/Motor Vehicles/Motorcycles
268|Pro Basketball|13609|/Sports & Fitness/Sports/Basketball
269|Pro Ice Hockey|13611|/Sports & Fitness/Sports/Hockey
270|Rodeo|13833|/Sports & Fitness/Sports/Rodeo
271|Rugby|13613|/Sports & Fitness/Sports/Rugby
272|Running/Jogging|13616|/Sports & Fitness/Sports/Running & Walking
272|Running/Jogging|10621|/Sports & Fitness/Sports & Fitness Apparel/Running Apparel
273|Sailing|10117|/Sports & Fitness/Boating & Water Recreation
273|Sailing|10213|/Vehicles/Boats & Watercraft/Sailboats
273|Sailing|10210|/Vehicles/Boats & Watercraft/Yachts
274|Saltwater Fishing|10628|/Sports & Fitness/Boating & Water Recreation/Fishing
274|Saltwater Fishing|11907|/Sports & Fitness/Boating & Water Recreation/Fishing/Fishing Tackle
275|Scuba Diving|10629|/Sports & Fitness/Boating & Water Recreation/Scuba & Diving
276|Skateboarding|11922|/Sports & Fitness/Sporting Goods/Skateboarding Equipment/Skateboards & Skateboard Components
276|Skateboarding|10659|/Sports & Fitness/Sporting Goods/Skateboarding Equipment
276|Skateboarding|13617|/Sports & Fitness/Sports/Skate Sports
277|Skiing|12073|/Travel & Tourism/Accommodations/Ski Accommodations/Ski Lodges & Resorts
277|Skiing|13639|/Sports & Fitness/Sports/Winter Sports/Skiing
277|Skiing|10631|/Sports & Fitness/Sports Equipment Rental Services/Ski & Winter Sports Equipment Rental Services
278|Snowboarding|13640|/Sports & Fitness/Sports/Winter Sports/Snowboarding
278|Snowboarding|11910|/Sports & Fitness/Sporting Goods/Winter Sports Equipment/Snowboarding Gear
279|Surfing/Bodyboarding|13618|/Sports & Fitness/Sports/Surfing & Windsurfing
279|Surfing/Bodyboarding|10626|/Sports & Fitness/Boating & Water Recreation/Surfing & Windsurfing Gear
280|Swimming|13619|Sports & Fitness/Sports/Swimming & Aquatic Sports
281|Table Tennis/Ping-Pong|10639|/Sports & Fitness/Sporting Goods/Table Tennis Equipment
282|Tennis|13626|/Sports & Fitness/Sports/Tennis
283|Volleyball|13630|/Sports & Fitness/Sports/Volleyball
284|Walking|10616|Hobbies & Leisure/Camping & Outdoor Recreation/Hiking
284|Walking|13616|Sports & Fitness/Sports/Running & Walking
285|Waterski/Wakeboard|10630|Sports & Fitness/Boating & Water Recreation/Water Skiing Equipment & Gear
285|Waterski/Wakeboard|10117|Sports & Fitness/Boating & Water Recreation
286|World Soccer|13608|Sports & Fitness/Sports/Soccer
287|Style & Fashion|13636|Beauty & Personal Care/Fashion & Style
287|Style & Fashion|13637|Beauty & Personal Care/Fashion & Style/Fashion Designers & Collections
288|Beauty|10005|Beauty & Personal Care
288|Beauty|10054|Beauty & Personal Care/Make-Up & Cosmetics
288|Beauty|10055|Beauty & Personal Care/Hair Care
288|Beauty|10047|Beauty & Personal Care/Skin Care
288|Beauty|10061|Beauty & Personal Care/Skin Care/Face Care
288|Beauty|10050|Beauty & Personal Care/Anti-Aging
289|Body Art|13422|Beauty & Personal Care/Body Art
290|Fashion|11875|/News, Media & Publications/Apparel Media & Publications/Fashion & Style Publications
291|Jewelry|10171|/Apparel/Jewelry
291|Jewelry|12236|/Apparel/Jewelry/Precious Metal Jewelry/Silver Jewelry
291|Jewelry|10893|/Apparel/Jewelry/Precious & Semi-Precious Gems & Gemstone Jewelry
292|Clothing|10176|Clothing
292|Clothing|13778|Clothing/Men's Clothing
292|Clothing|13779|Clothing/Women's Clothing
292|Clothing|13780|Clothing/Children's Clothing
293|Accessories|10178|Apparel Accessories
294|Technology & Computing|10882|Computers/Technology News & Publications
294|Technology & Computing|10883|Computer Hardware
294|Technology & Computing|10885|Software
294|Technology & Computing|12187|Laptop Computers
295|3-D Graphics|11368|Computers/Software/Graphics & Multimedia Software
296|Animation|10556|/Arts & Entertainment/TV & Video/Video Clips
296|Animation|13597|Internet Software & Web Goodies/Clip Art & Animated GIFs
297|Antivirus Software|13314|Anti-Virus Software
298|C/C++|12211|Programming & Developer Software
298|C/C++|13113|Programming & Developer Software/C & C++ Software
299|Cameras & Camcorders|10692|Video Cameras & Camcorders
299|Cameras & Camcorders|10691|Digital Cameras
300|Cell Phones|12161|Mobile Phones & Accessories/Mobile Phones
300|Cell Phones|13381|Mobile Phones & Accessories
301|Computer Certification|10758|Education & Training/Training & Certification
301|Computer Certification|12198|Vocational Training & Trade Schools/Computer Education
302|Computer Networking|13095|Network Management Software
302|Computer Networking|12184|Computer Networking Devices
303|Computer Peripherals|10883|Computers/Computer Hardware
303|Computer Peripherals|10886|Computer Accessories
303|Computer Peripherals|12216|Computer Accessories/Mice & Pointing Devices
303|Computer Peripherals|12640|Office Appliances/Desktop Printers
303|Computer Peripherals|13071|Computer Processors
303|Computer Peripherals|13072|Motherboards
303|Computer Peripherals|13073|Graphic & Video Cards
303|Computer Peripherals|13074|Ethernet Cards
303|Computer Peripherals|13075|Sound Cards
303|Computer Peripherals|13076|Computer Server Processors
303|Computer Peripherals|13077|Internal Hard Drives
303|Computer Peripherals|13078|External Hard Drives
303|Computer Peripherals|13079|Memory Card Readers
303|Computer Peripherals|13080|CD & DVD Storage Media
303|Computer Peripherals|13081|Desktop Memory Cards & Devices
303|Computer Peripherals|13082|Flash Memory Devices & Memory Sticks
303|Computer Peripherals|13083|Tape Back-Up Drives & Media
303|Computer Peripherals|13084|Laptop Memory Cards & Devices
304|Computer Reviews|12199|Technology Specs, Reviews & Comparisons
305|Data Centers|12156|/Computers & Consumer Electronics/Computers/Hosted Data Storage
305|Data Centers|12195|/Computers & Consumer Electronics/Computers/Computer Hardware/Computer Servers
305|Data Centers|11504|/Internet & Telecom/Internet/Web Hosting
306|Databases|13100|Middleware/Database Software
306|Databases|11271|Business Management Software/Data Management Software
307|Desktop Publishing|12700|Desktop Publishing Software
308|Desktop Video|13372|Screensavers & Digital Wallpaper
309|Email|13094|/Internet & Telecom/Internet/Email & Messaging
310|Graphics Software|11368|Graphics & Multimedia Software
310|Graphics Software|12701|Graphics & Multimedia Software/Photo Software
311|Home Video/DVD|13824|TV & Video/DVD & Video Rentals
311|Home Video/DVD|10558|TV & Video/Entertainment DVDs
311|Home Video/DVD|10561|TV & Video/DVD & Blu-Ray Retailers
312|Internet Technology|11491|/Internet & Telecom/Internet/Internet Service Plans
312|Internet Technology|11504|Web Hosting
312|Internet Technology|13418|Internet
313|Java|13111|Programming & Developer Software/Java Software
313|Java|12211|Programming & Developer Software
314|JavaScript|11493|/Internet & Telecom/Internet/Web Design & Development
314|JavaScript|12211|Programming & Developer Software
315|Mac Support|13112|/Computers & Consumer Electronics/Computers/Software/Mac Software
316|MP3/MIDI|10109|/Arts & Entertainment/Music & Audio
317|Net Conferencing|11507|/Internet & Telecom/Teleconferencing
318|Net for Beginners|13418|Internet
319|Network Security|13088|/Internet & Telecom/Internet/Network Security
319|Network Security|13092|Internet Software & Web Goodies/Network Security Software
319|Network Security|10299|/Business & Industrial/Security Equipment & Services
320|Palmtops/PDAs|12159|/Computers & Consumer Electronics/Consumer Electronics/Wireless Devices/PDAs
320|Palmtops/PDAs|12220|/Computers & Consumer Electronics/Computers/Computer Accessories/PDA Accessories
320|Palmtops/PDAs|12161|/Internet & Telecom/Telephony/Mobile Phones & Accessories/Mobile Phones
321|PC Support|10883|/Computers & Consumer Electronics/Computers/Computer Hardware
321|PC Support|12187|/Computers & Consumer Electronics/Computers/Computer Hardware/Laptop Computers
321|PC Support|12193|/Computers & Consumer Electronics/Computers/Computer Hardware/Desktop Computers
321|PC Support|10168|/Computers & Consumer Electronics/Computers
322|Portable|13381|/Internet & Telecom/Telephony/Mobile Phones & Accessories
322|Portable|12187|/Computers & Consumer Electronics/Computers/Computer Hardware/Laptop Computers
323|Entertainment|10013|/Arts & Entertainment
323|Entertainment|10111|/Arts & Entertainment/Events, Shows & Cultural Attractions
324|Shareware/Freeware|13816|Software/Freeware & Shareware
325|Unix|13114|Software/Unix Software
325|Unix|13104|Operating Systems & OS Emulators/Operating Systems
326|Visual Basic|12211|Software Development/Programming & Developer Software
327|Web Clip Art|13597|Internet Software & Web Goodies/Clip Art & Animated GIFs
328|Web Design/HTML|11493|Internet/Web Design & Development
328|Web Design/HTML|13404|Internet Software & Web Goodies/Web Templates
328|Web Design/HTML|12702|Graphics & Multimedia Software/Web Design Software
329|Web Search|11498|/Internet & Telecom/Internet/Search Engines
330|Windows|13104|Operating Systems & OS Emulators/Operating Systems
330|Windows|13109|/Computers & Consumer Electronics/Computers/Software/Windows & .NET Software
331|Travel|10017|/Travel & Tourism
331|Travel|10151|/Travel & Tourism/Travel Booking Services
331|Travel|10154|/Travel & Tourism/Vacation Packages
332|Adventure Travel|10793|/Travel & Tourism/Specialty Travel/Adventure Travel
332|Adventure Travel|10151|/Travel & Tourism/Travel Booking Services
332|Adventure Travel|10793|/Travel & Tourism/Specialty Travel/Adventure Travel
332|Adventure Travel|10148|/Travel & Tourism/Tour Operators
333|Africa|0|Ignored
333|Africa|0|Ignored
334|Air Travel|10778|/Travel & Tourism/Air Travel/Airline Tickets, Fares & Flights
334|Air Travel|10151|/Travel & Tourism/Travel Booking Services
335|Australia & New Zealand|0|Ignored
336|Bed & Breakfasts|12067|/Travel & Tourism/Accommodations/Hotels, Motels & Resorts/Hotels
336|Bed & Breakfasts|10772|/Travel & Tourism/Accommodations/Bed & Breakfasts
337|Budget Travel|10151|/Travel & Tourism/Travel Booking Services
337|Budget Travel|10154|/Travel & Tourism/Vacation Packages
338|Business Travel|10151|/Travel & Tourism/Travel Booking Services
339|By US Locale|0|Ignored
340|Camping|12070|Camping, Caravan & RV Accommodations/Campsites & Campgrounds
340|Camping|10113|/Hobbies & Leisure/Camping & Outdoor Recreation
340|Camping|10771|/Travel & Tourism/Accommodations/Camping, Caravan & RV Accommodations
342|Caribbean|13582|/Travel & Tourism/Tourist Attractions & Destinations/Beaches & Islands
343|Cruises|10153|/Travel & Tourism/Cruises & Cruise Services
343|Cruises|10802|/Travel & Tourism/Cruises & Cruise Services/Activity & Theme-Based Cruises
344|Eastern Europe|0|Ignored
345|Europe|0|Ignored
346|France|0|Ignored
347|Greece|0|Ignored
348|Honeymoons/Getaways|12093|/Travel & Tourism/Specialty Travel/Couples Travel & Honeymoons
349|Hotels|12067|/Travel & Tourism/Accommodations/Hotels, Motels & Resorts/Hotels
350|Italy|0|Ignored
351|Japan|0|Ignored
352|Mexico & Central America|0|Ignored
353|National Parks|12081|/Travel & Tourism/Tourist Attractions & Destinations/Regional Parks & Gardens
353|National Parks|10145|/Travel & Tourism/Tourist Attractions & Destinations
354|South America|0|Ignored
355|Spas|10049|/Beauty & Personal Care/Spa & Medical Spa
355|Spas|13704|/Beauty & Personal Care/Spa & Medical Spa/Day Spas & Salon Spas
355|Spas|11538|/Home & Garden/Yard, Garden & Patio/Swimming Pools & Spas
356|Theme Parks|13496|/Travel & Tourism/Tourist Attractions & Destinations/Theme Parks
356|Theme Parks|10145|/Travel & Tourism/Tourist Attractions & Destinations
357|Traveling with Kids|10017|/Travel & Tourism
359|Real Estate|10003|Real Estate
360|Apartments|13687|/Rental Listings/Apartment Rentals
360|Apartments|10032|/Rental Listings
361|Architects|11130|/Business & Industrial/Design & Engineering/Architecture
362|Buying/Selling Homes|10003|/Real Estate
362|Buying/Selling Homes|10042|/Real Estate/Real Estate Listings
362|Buying/Selling Homes|10040|/Real Estate/Real Estate Agents & Brokerages
363|Shopping|13575|/Retailers & General Merchandise
364|Contests & Freebies|13680|/Hobbies & Leisure/Prizes & Competitions/Sweepstakes, Product Promotions & Giveaways
365|Couponing|13441|/Retailers & General Merchandise/Coupons & Rebates
366|Comparison|13813|Consumer Resources/Product Reviews & Price Comparisons
367|Engines|12271|Car Parts & Accessories/Replacement Car Parts/Car Engines & Engine Parts
367|Engines|11904|Boat & Watercraft Parts & Accessories/Marine Engines & Parts
368|Religion & Spirituality|5|Religion
369|Alternative Religions|5|Religion
369|Alternative Religions|10231|/Family & Community/Faith & Belief
370|Atheism/Agnosticism|5|Religion
371|Buddhism|5|Religion
371|Buddhism|13474|/Family & Community/Faith & Belief/Buddhism
372|Catholicism|5|Religion
372|Catholicism|13472|/Family & Community/Faith & Belief/Christianity
373|Christianity|5|Religion
373|Christianity|13472|/Family & Community/Faith & Belief/Christianity
374|Hinduism|5|Religion
374|Hinduism|13475|/Family & Community/Faith & Belief/Hinduism
375|Islam|5|Religion
375|Islam|13473|/Family & Community/Faith & Belief/Islam
376|Judaism|5|Religion
376|Judaism|13476|/Family & Community/Faith & Belief/Judaism
377|Latter-Day Saints|5|Religion
377|Latter-Day Saints|13472|/Family & Community/Faith & Belief/Christianity
378|Pagan/Wiccan|5|Religion
378|Pagan/Wiccan|13477|/Family & Community/Faith & Belief/Wicca & Esoteric Religions
// Category 379 to 392 are ignored. Since we do not allow these categories on
// our platform in any case, we ignore them in the incoming bid requests.
379|Uncategorized|0|Ignored
380|Non-Standard Content|0|Ignored
381|Unmoderated UGC|0|Ignored
382|Extreme Graphic/Explicit Violence|0|Ignored
383|Pornography|0|Ignored
384|Profane Content|0|Ignored
385|Hate Content|0|Ignored
386|Under Construction|0|Ignored
387|Incentivized|0|Ignored
388|Illegal Content|0|Ignored
389|Illegal Content|0|Ignored
390|Warez|0|Ignored
391|Spyware/Malware|0|Ignored
392|Copyright Infringement|0|Ignored